item_id,order_id,product_id,quantity,unit_price
1,1,12,2,544.89
2,1,163,3,644.77
3,1,100,1,638.42
4,1,96,2,999.37
5,2,198,3,432.08
6,3,87,2,73.07
7,3,165,3,509.79
8,3,45,2,709.47
9,3,200,3,546.35
10,3,176,1,814.11
11,4,10,1,323.1
12,4,76,1,773.8
13,4,52,2,908.95
14,4,12,2,544.89
15,5,122,1,799.51
16,5,65,2,351.21
17,5,10,2,323.1
18,5,193,1,451.35
19,5,166,3,832.53
20,6,112,2,672.12
21,6,103,2,179.75
22,6,191,2,378.03
23,7,133,3,418.9
24,7,69,2,627.27
25,7,22,1,782.32
26,8,140,2,119.3
27,8,76,1,773.8
28,9,115,2,447.46
29,9,155,1,432.13
30,9,184,3,965.76
31,10,158,3,83.24
32,10,112,1,672.12
33,10,71,1,711.22
34,11,8,3,753.01
35,11,37,3,948.31
36,12,200,2,546.35
37,12,166,2,832.53
38,13,40,2,372.17
39,13,174,1,86.08
40,13,116,3,902.18
41,13,95,1,640.73
42,13,96,3,999.37
43,14,64,3,185.57
44,14,30,1,850.32
45,14,7,2,448.67
46,15,68,2,464.66
47,16,178,1,947.92
48,16,126,1,506.31
49,16,52,1,908.95
50,17,23,2,840.02
51,17,175,3,133.3
52,17,82,1,130.61
53,17,171,3,525.12
54,18,183,3,288.49
55,18,182,3,48.46
56,19,32,1,809.15
57,19,52,1,908.95
58,20,95,1,640.73
59,20,120,1,588.44
60,20,142,2,704.18
61,20,34,2,247.63
62,20,157,3,92.68
63,21,148,3,276.79
64,21,19,1,185.81
65,21,33,2,272.04
66,21,82,2,130.61
67,22,164,2,72.93
68,22,151,3,768.5
69,22,47,1,576.18
70,22,197,1,538.36
71,22,34,3,247.63
72,23,182,3,48.46
73,23,58,2,119.19
74,23,89,1,695.52
75,24,71,3,711.22
76,24,33,1,272.04
77,24,161,3,150.7
78,24,78,3,449.3
79,24,158,1,83.24
80,25,169,3,453.26
81,25,160,3,197.92
82,26,8,1,753.01
83,27,68,2,464.66
84,27,167,3,509.52
85,27,54,3,268.31
86,27,197,1,538.36
87,27,147,2,275.73
88,28,124,2,269.03
89,28,63,2,578.36
90,28,176,2,814.11
91,29,107,2,268.13
92,29,124,3,269.03
93,29,119,1,988.87
94,29,53,2,622.91
95,30,103,2,179.75
96,30,34,3,247.63
97,30,195,3,777.28
98,31,69,2,627.27
99,32,99,1,833.66
100,32,158,1,83.24
101,32,108,2,112.79
102,33,128,2,687.66
103,33,132,2,432.91
104,34,130,3,994.64
105,34,118,2,643.49
106,34,62,1,605.69
107,34,56,1,235.31
108,35,74,2,980.33
109,35,138,1,602.4
110,35,3,2,247.75
111,35,28,3,851.03
112,36,103,1,179.75
113,37,74,3,980.33
114,37,19,2,185.81
115,37,99,3,833.66
116,37,130,3,994.64
117,37,116,3,902.18
118,38,96,1,999.37
119,38,87,1,73.07
120,38,143,3,870.5
121,38,94,3,679.21
122,39,36,3,343.63
123,40,39,2,97.58
124,40,156,3,408.0
125,40,132,2,432.91
126,40,36,1,343.63
127,41,152,3,499.89
128,41,87,3,73.07
129,41,130,2,994.64
130,42,95,2,640.73
131,43,153,2,560.92
132,44,148,2,276.79
133,44,59,1,64.33
134,44,185,3,984.51
135,44,14,3,10.86
136,44,150,3,224.41
137,45,175,1,133.3
138,45,63,3,578.36
139,46,108,3,112.79
140,46,39,1,97.58
141,46,106,2,967.42
142,47,189,1,96.25
143,47,187,3,874.74
144,47,16,1,276.56
145,47,181,3,379.83
146,48,81,2,988.46
147,48,45,3,709.47
148,48,118,2,643.49
149,48,137,3,356.82
150,49,72,2,228.57
151,49,143,1,870.5
152,50,177,2,510.94
153,50,181,2,379.83
154,51,74,3,980.33
155,51,32,3,809.15
156,51,147,2,275.73
157,52,75,2,922.25
158,52,11,3,695.47
159,53,192,1,141.9
160,53,123,3,361.44
161,53,55,2,7.65
162,54,158,3,83.24
163,55,58,2,119.19
164,55,164,2,72.93
165,55,60,3,128.72
166,55,14,2,10.86
167,55,26,1,112.55
168,56,105,2,805.2
169,56,168,2,653.57
170,57,74,1,980.33
171,57,166,3,832.53
172,57,16,3,276.56
173,58,45,2,709.47
174,59,127,1,645.11
175,59,48,1,256.21
176,59,192,2,141.9
177,59,75,3,922.25
178,60,73,3,500.87
179,60,117,3,968.36
180,60,165,2,509.79
181,61,50,1,949.37
182,61,29,3,535.07
183,61,85,2,852.5
184,62,76,1,773.8
185,62,146,1,598.23
186,62,173,3,99.02
187,63,23,1,840.02
188,63,103,1,179.75
189,63,172,1,775.58
190,64,67,2,92.61
191,65,78,3,449.3
192,65,150,1,224.41
193,65,186,2,817.8
194,66,120,2,588.44
195,67,177,2,510.94
196,67,31,2,708.76
197,67,164,3,72.93
198,68,40,2,372.17
199,68,117,2,968.36
200,68,192,3,141.9
201,68,156,3,408.0
202,69,196,3,640.75
203,69,64,3,185.57
204,70,20,1,340.8
205,70,145,3,422.72
206,70,29,3,535.07
207,71,84,2,79.44
208,71,134,1,953.81
209,72,131,2,794.12
210,73,117,2,968.36
211,73,145,3,422.72
212,73,15,2,748.77
213,73,144,3,635.0
214,74,191,1,378.03
215,75,180,1,42.55
216,75,17,1,841.29
217,75,139,2,658.44
218,76,197,3,538.36
219,76,165,3,509.79
220,77,115,3,447.46
221,77,97,3,362.15
222,77,21,1,472.95
223,77,175,3,133.3
224,78,101,1,903.88
225,78,136,1,64.67
226,78,33,2,272.04
227,78,187,2,874.74
228,78,58,3,119.19
229,79,64,2,185.57
230,79,118,1,643.49
231,80,9,3,278.21
232,81,62,1,605.69
233,82,154,1,47.08
234,82,173,3,99.02
235,82,181,1,379.83
236,82,13,2,946.32
237,83,36,3,343.63
238,84,82,2,130.61
239,84,148,1,276.79
240,84,154,2,47.08
241,84,198,1,432.08
242,84,173,3,99.02
243,85,16,3,276.56
244,85,143,1,870.5
245,85,152,3,499.89
246,86,165,3,509.79
247,86,172,2,775.58
248,86,98,3,278.1
249,87,48,1,256.21
250,87,194,1,835.78
251,87,138,2,602.4
252,87,122,3,799.51
253,88,144,2,635.0
254,89,63,3,578.36
255,89,66,1,414.58
256,89,53,2,622.91
257,89,85,2,852.5
258,90,14,2,10.86
259,90,69,3,627.27
260,91,49,3,78.7
261,92,78,1,449.3
262,92,4,3,180.0
263,92,55,1,7.65
264,93,181,2,379.83
265,93,53,2,622.91
266,93,102,2,368.03
267,93,62,2,605.69
268,93,142,3,704.18
269,94,128,2,687.66
270,94,120,1,588.44
271,94,26,2,112.55
272,94,185,2,984.51
273,94,121,2,7.81
274,95,5,3,252.94
275,95,67,3,92.61
276,96,51,1,608.28
277,96,85,2,852.5
278,97,168,2,653.57
279,97,176,3,814.11
280,97,87,3,73.07
281,97,66,3,414.58
282,97,196,2,640.75
283,98,44,3,833.46
284,98,36,2,343.63
285,98,185,1,984.51
286,99,9,1,278.21
287,99,20,2,340.8
288,99,172,1,775.58
289,99,13,3,946.32
290,99,196,1,640.75
291,100,130,2,994.64
292,100,117,1,968.36
293,101,124,3,269.03
294,101,169,3,453.26
295,101,125,2,478.85
296,101,5,1,252.94
297,101,2,1,417.36
298,102,5,3,252.94
299,102,129,2,325.49
300,102,179,1,299.3
301,103,62,3,605.69
302,103,50,3,949.37
303,104,21,3,472.95
304,104,96,1,999.37
305,104,104,3,913.91
306,104,118,1,643.49
307,105,168,3,653.57
308,106,142,1,704.18
309,106,122,3,799.51
310,106,15,1,748.77
311,106,164,1,72.93
312,107,145,1,422.72
313,107,25,1,607.85
314,107,136,1,64.67
315,108,176,2,814.11
316,109,81,1,988.46
317,109,5,3,252.94
318,110,20,1,340.8
319,110,77,3,286.41
320,110,42,2,318.96
321,110,145,3,422.72
322,111,177,1,510.94
323,111,186,3,817.8
324,112,20,3,340.8
325,112,88,3,436.79
326,113,8,2,753.01
327,113,163,2,644.77
328,113,70,1,440.92
329,114,48,2,256.21
330,114,175,1,133.3
331,114,150,3,224.41
332,114,170,2,647.89
333,115,40,3,372.17
334,115,98,1,278.1
335,115,183,3,288.49
336,116,2,2,417.36
337,117,34,1,247.63
338,118,132,2,432.91
339,118,105,3,805.2
340,118,27,1,941.75
341,118,7,3,448.67
342,118,23,3,840.02
343,119,106,1,967.42
344,119,100,3,638.42
345,119,200,3,546.35
346,120,44,2,833.46
347,120,36,2,343.63
348,120,69,1,627.27
349,120,78,1,449.3
350,121,124,2,269.03
351,121,20,1,340.8
352,121,93,3,463.83
353,122,28,2,851.03
354,122,35,2,496.82
355,122,78,3,449.3
356,122,2,2,417.36
357,123,35,1,496.82
358,123,77,2,286.41
359,123,83,2,528.31
360,123,155,1,432.13
361,123,178,2,947.92
362,124,148,2,276.79
363,124,63,2,578.36
364,124,84,2,79.44
365,124,97,1,362.15
366,125,47,3,576.18
367,125,175,2,133.3
368,125,197,3,538.36
369,125,141,1,929.43
370,125,7,2,448.67
371,126,173,2,99.02
372,126,128,1,687.66
373,126,36,2,343.63
374,126,163,3,644.77
375,127,19,3,185.81
376,127,115,2,447.46
377,127,154,3,47.08
378,127,123,3,361.44
379,128,180,3,42.55
380,128,138,1,602.4
381,128,153,1,560.92
382,129,166,1,832.53
383,129,157,3,92.68
384,130,28,1,851.03
385,130,3,3,247.75
386,130,26,3,112.55
387,130,67,3,92.61
388,131,115,2,447.46
389,131,96,2,999.37
390,132,7,2,448.67
391,132,124,2,269.03
392,132,27,1,941.75
393,133,90,2,361.66
394,133,80,2,856.72
395,134,25,2,607.85
396,134,113,2,743.55
397,134,185,1,984.51
398,134,179,2,299.3
399,135,88,3,436.79
400,136,133,3,418.9
401,136,45,1,709.47
402,137,60,1,128.72
403,137,104,3,913.91
404,137,162,3,181.25
405,137,48,2,256.21
406,138,116,2,902.18
407,138,152,2,499.89
408,139,193,3,451.35
409,139,181,1,379.83
410,139,17,3,841.29
411,140,30,3,850.32
412,140,68,3,464.66
413,140,172,2,775.58
414,140,126,3,506.31
415,141,90,2,361.66
416,142,158,3,83.24
417,142,152,1,499.89
418,142,22,2,782.32
419,143,96,1,999.37
420,143,178,3,947.92
421,144,99,3,833.66
422,144,109,3,225.25
423,144,48,3,256.21
424,144,125,1,478.85
425,144,163,3,644.77
426,145,81,3,988.46
427,145,116,1,902.18
428,146,50,3,949.37
429,146,99,3,833.66
430,147,182,1,48.46
431,147,114,3,411.07
432,147,126,1,506.31
433,147,43,1,739.9
434,148,74,3,980.33
435,148,44,2,833.46
436,148,200,3,546.35
437,148,118,3,643.49
438,148,145,1,422.72
439,149,94,3,679.21
440,149,139,2,658.44
441,149,194,3,835.78
442,149,11,1,695.47
443,149,195,2,777.28
444,150,77,2,286.41
445,150,9,2,278.21
446,151,31,3,708.76
447,151,199,3,666.04
448,151,61,3,542.27
449,151,54,2,268.31
450,152,36,3,343.63
451,152,53,2,622.91
452,152,16,3,276.56
453,152,146,3,598.23
454,152,90,1,361.66
455,153,69,2,627.27
456,153,132,1,432.91
457,153,174,2,86.08
458,153,25,3,607.85
459,153,35,1,496.82
460,154,64,2,185.57
461,154,195,2,777.28
462,154,174,1,86.08
463,155,97,1,362.15
464,155,116,2,902.18
465,155,20,3,340.8
466,155,163,3,644.77
467,156,117,3,968.36
468,156,125,1,478.85
469,156,84,3,79.44
470,157,17,1,841.29
471,157,137,2,356.82
472,157,102,1,368.03
473,158,87,1,73.07
474,158,141,3,929.43
475,158,148,2,276.79
476,159,12,1,544.89
477,160,113,1,743.55
478,160,117,2,968.36
479,161,41,3,704.33
480,161,71,2,711.22
481,161,24,2,566.14
482,162,14,3,10.86
483,162,102,2,368.03
484,163,1,1,151.61
485,164,133,2,418.9
486,164,175,1,133.3
487,165,109,3,225.25
488,166,23,2,840.02
489,166,188,2,88.45
490,166,27,1,941.75
491,166,81,2,988.46
492,167,18,3,593.92
493,167,136,1,64.67
494,168,185,3,984.51
495,168,55,1,7.65
496,168,161,2,150.7
497,169,23,1,840.02
498,169,26,1,112.55
499,170,81,3,988.46
500,170,36,1,343.63
501,170,64,1,185.57
502,170,71,3,711.22
503,171,200,3,546.35
504,171,177,2,510.94
505,171,7,1,448.67
506,172,76,2,773.8
507,172,166,2,832.53
508,172,14,1,10.86
509,172,62,1,605.69
510,173,4,3,180.0
511,173,93,2,463.83
512,173,82,2,130.61
513,173,34,3,247.63
514,173,100,3,638.42
515,174,5,3,252.94
516,175,16,2,276.56
517,176,197,1,538.36
518,176,107,3,268.13
519,176,109,3,225.25
520,176,180,3,42.55
521,176,103,3,179.75
522,177,131,1,794.12
523,178,163,1,644.77
524,178,196,2,640.75
525,178,167,3,509.52
526,178,175,2,133.3
527,178,165,3,509.79
528,179,30,1,850.32
529,179,117,2,968.36
530,179,157,3,92.68
531,179,156,3,408.0
532,180,180,1,42.55
533,180,3,2,247.75
534,181,43,3,739.9
535,181,96,2,999.37
536,181,33,3,272.04
537,182,110,1,121.08
538,182,70,2,440.92
539,182,135,3,97.75
540,183,131,3,794.12
541,183,93,1,463.83
542,183,15,2,748.77
543,183,128,1,687.66
544,184,173,3,99.02
545,184,186,1,817.8
546,184,30,1,850.32
547,184,59,1,64.33
548,184,190,1,417.81
549,185,46,3,698.92
550,185,10,3,323.1
551,186,185,3,984.51
552,186,82,2,130.61
553,186,70,1,440.92
554,186,20,3,340.8
555,187,12,2,544.89
556,187,103,2,179.75
557,187,18,1,593.92
558,187,120,3,588.44
559,187,73,2,500.87
560,188,78,2,449.3
561,188,190,3,417.81
562,188,160,2,197.92
563,188,63,1,578.36
564,188,119,3,988.87
565,189,2,1,417.36
566,189,105,1,805.2
567,190,86,1,628.66
568,191,27,1,941.75
569,191,53,2,622.91
570,191,136,2,64.67
571,192,24,3,566.14
572,192,12,2,544.89
573,192,60,3,128.72
574,193,149,1,286.82
575,194,20,2,340.8
576,194,152,3,499.89
577,194,146,1,598.23
578,194,16,1,276.56
579,195,180,2,42.55
580,195,189,2,96.25
581,195,84,1,79.44
582,195,82,1,130.61
583,196,28,2,851.03
584,196,40,2,372.17
585,196,43,1,739.9
586,196,116,3,902.18
587,196,120,2,588.44
588,197,31,3,708.76
589,197,24,2,566.14
590,197,41,3,704.33
591,198,38,1,759.36
592,198,24,2,566.14
593,198,183,2,288.49
594,199,45,2,709.47
595,199,8,3,753.01
596,199,104,3,913.91
597,200,36,1,343.63
598,201,34,2,247.63
599,201,51,2,608.28
600,202,6,1,987.94
601,203,24,1,566.14
602,203,85,1,852.5
603,204,111,2,101.7
604,204,186,3,817.8
605,204,102,2,368.03
606,204,128,1,687.66
607,204,8,2,753.01
608,205,115,3,447.46
609,205,39,3,97.58
610,205,9,3,278.21
611,206,141,2,929.43
612,206,123,2,361.44
613,206,16,1,276.56
614,206,23,2,840.02
615,207,64,3,185.57
616,207,162,2,181.25
617,207,140,2,119.3
618,207,5,3,252.94
619,207,98,2,278.1
620,208,100,1,638.42
621,208,70,2,440.92
622,208,47,3,576.18
623,209,15,2,748.77
624,209,121,3,7.81
625,209,136,1,64.67
626,210,69,3,627.27
627,210,137,1,356.82
628,211,91,3,683.38
629,211,45,2,709.47
630,211,46,3,698.92
631,211,61,3,542.27
632,212,146,3,598.23
633,212,145,1,422.72
634,212,37,2,948.31
635,213,24,1,566.14
636,214,123,1,361.44
637,214,1,2,151.61
638,214,85,3,852.5
639,214,158,1,83.24
640,214,52,2,908.95
641,215,199,3,666.04
642,215,29,2,535.07
643,216,151,2,768.5
644,216,26,1,112.55
645,216,87,1,73.07
646,216,78,3,449.3
647,217,167,3,509.52
648,217,82,3,130.61
649,217,45,3,709.47
650,217,182,2,48.46
651,218,97,3,362.15
652,218,79,3,458.06
653,219,180,3,42.55
654,220,9,1,278.21
655,220,47,3,576.18
656,220,155,3,432.13
657,220,82,1,130.61
658,220,157,2,92.68
659,221,89,1,695.52
660,221,82,3,130.61
661,222,115,1,447.46
662,222,3,1,247.75
663,222,68,3,464.66
664,223,185,1,984.51
665,224,43,2,739.9
666,224,106,3,967.42
667,224,127,2,645.11
668,224,97,1,362.15
669,225,42,1,318.96
670,225,116,1,902.18
671,226,19,2,185.81
672,227,141,1,929.43
673,228,181,1,379.83
674,228,8,3,753.01
675,228,111,2,101.7
676,228,168,1,653.57
677,229,105,3,805.2
678,229,179,3,299.3
679,230,61,2,542.27
680,230,25,3,607.85
681,230,13,3,946.32
682,231,110,1,121.08
683,232,123,1,361.44
684,232,52,3,908.95
685,232,25,2,607.85
686,232,7,1,448.67
687,232,53,2,622.91
688,233,126,3,506.31
689,233,170,3,647.89
690,233,68,2,464.66
691,233,24,1,566.14
692,234,115,2,447.46
693,234,12,2,544.89
694,235,145,3,422.72
695,235,16,3,276.56
696,235,39,1,97.58
697,236,106,1,967.42
698,236,194,2,835.78
699,236,151,3,768.5
700,236,59,2,64.33
701,236,142,3,704.18
702,237,77,1,286.41
703,237,21,3,472.95
704,237,102,3,368.03
705,237,183,3,288.49
706,238,31,2,708.76
707,238,194,1,835.78
708,239,33,2,272.04
709,239,11,1,695.47
710,240,153,2,560.92
711,240,67,3,92.61
712,241,142,2,704.18
713,241,84,1,79.44
714,241,71,3,711.22
715,241,134,3,953.81
716,242,107,1,268.13
717,243,28,3,851.03
718,244,89,2,695.52
719,244,106,3,967.42
720,244,68,3,464.66
721,244,99,2,833.66
722,244,168,1,653.57
723,245,156,2,408.0
724,245,175,2,133.3
725,245,178,3,947.92
726,245,103,1,179.75
727,245,10,1,323.1
728,246,6,2,987.94
729,246,87,2,73.07
730,246,78,2,449.3
731,247,77,2,286.41
732,247,191,2,378.03
733,248,49,2,78.7
734,249,195,3,777.28
735,249,133,1,418.9
736,249,96,1,999.37
737,249,15,2,748.77
738,250,146,1,598.23
739,250,8,1,753.01
740,250,45,1,709.47
741,250,50,2,949.37
742,250,52,1,908.95
743,251,119,3,988.87
744,251,130,1,994.64
745,251,102,3,368.03
746,252,115,2,447.46
747,252,46,2,698.92
748,252,122,1,799.51
749,252,151,2,768.5
750,252,142,3,704.18
751,253,42,3,318.96
752,254,174,2,86.08
753,254,53,3,622.91
754,255,122,1,799.51
755,256,65,2,351.21
756,256,156,3,408.0
757,257,118,2,643.49
758,257,65,2,351.21
759,257,56,3,235.31
760,258,27,3,941.75
761,258,2,3,417.36
762,258,131,3,794.12
763,258,170,3,647.89
764,258,96,2,999.37
765,259,87,2,73.07
766,260,49,1,78.7
767,260,39,1,97.58
768,260,133,3,418.9
769,261,185,3,984.51
770,261,7,2,448.67
771,262,100,3,638.42
772,262,189,3,96.25
773,262,10,1,323.1
774,262,150,2,224.41
775,263,172,1,775.58
776,263,92,3,621.6
777,263,130,3,994.64
778,263,77,1,286.41
779,264,186,1,817.8
780,264,144,3,635.0
781,264,196,2,640.75
782,265,108,2,112.79
783,265,85,3,852.5
784,265,96,2,999.37
785,266,163,3,644.77
786,267,50,2,949.37
787,267,129,3,325.49
788,267,31,2,708.76
789,267,175,2,133.3
790,268,52,2,908.95
791,268,88,3,436.79
792,269,200,2,546.35
793,269,21,2,472.95
794,270,116,2,902.18
795,271,196,1,640.75
796,271,41,3,704.33
797,271,126,2,506.31
798,271,200,3,546.35
799,271,23,2,840.02
800,272,2,3,417.36
801,272,10,2,323.1
802,272,137,1,356.82
803,272,52,2,908.95
804,273,161,3,150.7
805,274,80,2,856.72
806,274,34,3,247.63
807,274,27,3,941.75
808,275,77,2,286.41
809,276,87,2,73.07
810,276,112,2,672.12
811,276,176,1,814.11
812,276,35,1,496.82
813,276,88,2,436.79
814,277,55,1,7.65
815,277,188,3,88.45
816,278,97,3,362.15
817,279,153,1,560.92
818,280,177,1,510.94
819,281,65,3,351.21
820,281,122,3,799.51
821,281,180,3,42.55
822,281,40,1,372.17
823,281,53,2,622.91
824,282,70,2,440.92
825,282,160,1,197.92
826,282,156,3,408.0
827,282,180,3,42.55
828,282,36,3,343.63
829,283,128,1,687.66
830,284,52,1,908.95
831,284,92,1,621.6
832,284,181,3,379.83
833,284,105,2,805.2
834,284,76,1,773.8
835,285,172,1,775.58
836,286,39,1,97.58
837,286,24,3,566.14
838,286,200,3,546.35
839,286,131,1,794.12
840,287,68,1,464.66
841,287,119,1,988.87
842,287,13,1,946.32
843,288,110,1,121.08
844,288,190,1,417.81
845,288,30,1,850.32
846,289,92,2,621.6
847,289,113,3,743.55
848,289,160,1,197.92
849,290,103,2,179.75
850,291,108,1,112.79
851,291,167,3,509.52
852,291,43,3,739.9
853,291,29,1,535.07
854,292,124,3,269.03
855,292,146,2,598.23
856,292,174,2,86.08
857,292,113,3,743.55
858,292,47,1,576.18
859,293,106,2,967.42
860,294,4,3,180.0
861,294,181,3,379.83
862,294,174,3,86.08
863,295,133,3,418.9
864,295,134,3,953.81
865,295,177,1,510.94
866,296,89,2,695.52
867,296,170,1,647.89
868,296,174,3,86.08
869,296,165,3,509.79
870,297,130,2,994.64
871,297,121,1,7.81
872,298,85,1,852.5
873,298,72,3,228.57
874,299,61,3,542.27
875,299,21,2,472.95
876,299,118,1,643.49
877,299,114,2,411.07
878,300,191,2,378.03
879,300,168,2,653.57
880,300,5,1,252.94
881,300,27,3,941.75
882,301,159,1,780.21
883,301,164,3,72.93
884,301,78,3,449.3
885,301,131,2,794.12
886,301,144,2,635.0
887,302,117,3,968.36
888,302,85,3,852.5
889,303,184,1,965.76
890,303,116,3,902.18
891,303,30,1,850.32
892,304,141,3,929.43
893,304,134,1,953.81
894,304,96,1,999.37
895,305,28,1,851.03
896,305,66,1,414.58
897,305,157,2,92.68
898,305,51,1,608.28
899,306,28,1,851.03
900,306,194,3,835.78
901,306,107,3,268.13
902,307,118,1,643.49
903,307,169,2,453.26
904,307,151,1,768.5
905,307,130,3,994.64
906,308,124,3,269.03
907,308,131,1,794.12
908,308,200,3,546.35
909,308,46,1,698.92
910,308,178,1,947.92
911,309,130,3,994.64
912,309,99,3,833.66
913,309,108,1,112.79
914,310,116,2,902.18
915,310,35,3,496.82
916,310,36,3,343.63
917,311,81,1,988.46
918,311,183,1,288.49
919,311,189,1,96.25
920,311,142,3,704.18
921,311,162,3,181.25
922,312,182,1,48.46
923,312,167,3,509.52
924,313,195,2,777.28
925,314,173,2,99.02
926,314,192,1,141.9
927,314,137,3,356.82
928,314,74,1,980.33
929,315,52,2,908.95
930,316,16,2,276.56
931,316,177,1,510.94
932,317,27,3,941.75
933,317,158,1,83.24
934,317,173,3,99.02
935,317,190,3,417.81
936,318,178,2,947.92
937,318,171,2,525.12
938,318,13,2,946.32
939,319,191,2,378.03
940,320,58,3,119.19
941,320,163,2,644.77
942,320,181,3,379.83
943,320,182,3,48.46
944,321,76,1,773.8
945,321,115,3,447.46
946,322,31,3,708.76
947,322,97,2,362.15
948,322,11,1,695.47
949,322,110,1,121.08
950,322,72,3,228.57
951,323,11,2,695.47
952,323,40,3,372.17
953,324,170,2,647.89
954,324,78,1,449.3
955,324,126,3,506.31
956,324,147,2,275.73
957,324,141,3,929.43
958,325,130,1,994.64
959,326,90,1,361.66
960,327,76,3,773.8
961,327,56,3,235.31
962,327,193,2,451.35
963,328,30,3,850.32
964,329,160,2,197.92
965,329,63,1,578.36
966,329,11,2,695.47
967,329,175,2,133.3
968,329,83,3,528.31
969,330,132,2,432.91
970,330,131,1,794.12
971,330,115,2,447.46
972,331,43,3,739.9
973,332,172,1,775.58
974,332,162,3,181.25
975,333,180,1,42.55
976,333,190,3,417.81
977,333,199,3,666.04
978,333,112,1,672.12
979,333,166,1,832.53
980,334,19,1,185.81
981,335,148,1,276.79
982,336,111,3,101.7
983,336,81,1,988.46
984,336,5,3,252.94
985,336,100,1,638.42
986,337,12,1,544.89
987,337,180,2,42.55
988,337,19,3,185.81
989,337,92,2,621.6
990,337,129,3,325.49
991,338,98,2,278.1
992,338,102,1,368.03
993,338,170,3,647.89
994,338,8,1,753.01
995,339,76,3,773.8
996,339,163,3,644.77
997,339,37,2,948.31
998,339,77,1,286.41
999,339,174,3,86.08
1000,340,147,3,275.73
1001,341,79,1,458.06
1002,342,37,2,948.31
1003,342,42,1,318.96
1004,342,48,1,256.21
1005,342,57,1,924.28
1006,342,158,3,83.24
1007,343,119,3,988.87
1008,343,166,1,832.53
1009,343,141,2,929.43
1010,343,19,1,185.81
1011,343,75,1,922.25
1012,344,33,1,272.04
1013,344,172,1,775.58
1014,344,168,2,653.57
1015,345,125,3,478.85
1016,345,116,3,902.18
1017,345,85,2,852.5
1018,346,81,1,988.46
1019,346,110,2,121.08
1020,346,44,1,833.46
1021,347,71,3,711.22
1022,347,93,2,463.83
1023,347,35,2,496.82
1024,347,174,2,86.08
1025,348,142,3,704.18
1026,348,28,1,851.03
1027,348,45,2,709.47
1028,348,166,1,832.53
1029,349,187,1,874.74
1030,350,149,3,286.82
1031,351,142,2,704.18
1032,352,168,2,653.57
1033,352,199,1,666.04
1034,352,39,3,97.58
1035,352,94,3,679.21
1036,353,24,3,566.14
1037,353,102,1,368.03
1038,353,94,3,679.21
1039,353,129,3,325.49
1040,353,3,1,247.75
1041,354,145,1,422.72
1042,354,169,3,453.26
1043,355,195,1,777.28
1044,355,125,1,478.85
1045,356,133,2,418.9
1046,356,93,2,463.83
1047,357,27,3,941.75
1048,357,181,2,379.83
1049,357,134,3,953.81
1050,358,97,2,362.15
1051,358,168,2,653.57
1052,359,133,2,418.9
1053,360,104,3,913.91
1054,360,91,1,683.38
1055,360,89,3,695.52
1056,360,125,1,478.85
1057,360,124,2,269.03
1058,361,55,1,7.65
1059,361,39,2,97.58
1060,361,48,3,256.21
1061,362,185,3,984.51
1062,362,30,2,850.32
1063,362,124,2,269.03
1064,363,6,3,987.94
1065,363,63,3,578.36
1066,363,12,1,544.89
1067,363,33,1,272.04
1068,364,15,2,748.77
1069,364,43,1,739.9
1070,365,164,2,72.93
1071,365,5,1,252.94
1072,365,185,1,984.51
1073,365,187,2,874.74
1074,365,170,3,647.89
1075,366,106,1,967.42
1076,366,154,3,47.08
1077,367,43,2,739.9
1078,367,186,2,817.8
1079,367,176,3,814.11
1080,368,34,3,247.63
1081,368,28,3,851.03
1082,368,5,3,252.94
1083,368,52,2,908.95
1084,369,158,3,83.24
1085,369,154,1,47.08
1086,369,10,1,323.1
1087,369,137,2,356.82
1088,370,199,3,666.04
1089,371,179,3,299.3
1090,372,197,3,538.36
1091,372,98,3,278.1
1092,372,90,3,361.66
1093,372,151,1,768.5
1094,373,22,3,782.32
1095,373,73,3,500.87
1096,374,148,3,276.79
1097,375,177,2,510.94
1098,375,81,2,988.46
1099,376,65,2,351.21
1100,376,67,3,92.61
1101,376,138,2,602.4
1102,376,109,3,225.25
1103,376,145,2,422.72
1104,377,124,2,269.03
1105,377,46,2,698.92
1106,377,95,2,640.73
1107,377,144,3,635.0
1108,377,143,2,870.5
1109,378,192,1,141.9
1110,379,26,3,112.55
1111,379,55,2,7.65
1112,380,42,2,318.96
1113,381,121,2,7.81
1114,381,154,1,47.08
1115,382,156,1,408.0
1116,383,168,1,653.57
1117,383,134,1,953.81
1118,383,74,3,980.33
1119,383,183,2,288.49
1120,383,153,2,560.92
1121,384,74,3,980.33
1122,384,50,3,949.37
1123,384,9,1,278.21
1124,384,154,3,47.08
1125,384,131,1,794.12
1126,385,41,1,704.33
1127,386,104,1,913.91
1128,386,151,3,768.5
1129,386,52,3,908.95
1130,386,133,1,418.9
1131,387,150,3,224.41
1132,387,90,1,361.66
1133,387,89,2,695.52
1134,387,71,2,711.22
1135,387,58,3,119.19
1136,388,28,2,851.03
1137,388,144,1,635.0
1138,388,19,3,185.81
1139,388,129,2,325.49
1140,388,76,3,773.8
1141,389,145,2,422.72
1142,389,124,2,269.03
1143,389,198,3,432.08
1144,389,63,2,578.36
1145,390,67,1,92.61
1146,391,174,1,86.08
1147,391,180,2,42.55
1148,392,3,1,247.75
1149,392,180,2,42.55
1150,392,68,3,464.66
1151,392,64,3,185.57
1152,392,74,2,980.33
1153,393,81,2,988.46
1154,393,91,1,683.38
1155,393,56,3,235.31
1156,393,147,3,275.73
1157,394,189,2,96.25
1158,394,62,1,605.69
1159,395,92,1,621.6
1160,395,40,3,372.17
1161,395,200,3,546.35
1162,395,28,2,851.03
1163,395,31,3,708.76
1164,396,124,2,269.03
1165,397,71,2,711.22
1166,397,126,2,506.31
1167,397,47,1,576.18
1168,397,196,3,640.75
1169,397,131,1,794.12
1170,398,139,2,658.44
1171,398,9,3,278.21
1172,398,129,1,325.49
1173,398,89,2,695.52
1174,399,177,3,510.94
1175,399,3,1,247.75
1176,399,4,2,180.0
1177,400,67,2,92.61
1178,400,48,2,256.21
1179,400,141,3,929.43
1180,400,68,2,464.66
1181,400,61,2,542.27
1182,401,180,2,42.55
1183,401,193,2,451.35
1184,401,96,2,999.37
1185,401,94,1,679.21
1186,402,26,2,112.55
1187,402,185,1,984.51
1188,403,38,1,759.36
1189,403,190,2,417.81
1190,404,162,3,181.25
1191,404,133,3,418.9
1192,405,144,2,635.0
1193,405,146,1,598.23
1194,405,13,3,946.32
1195,406,122,2,799.51
1196,406,162,3,181.25
1197,406,25,2,607.85
1198,407,66,2,414.58
1199,407,89,3,695.52
1200,407,6,3,987.94
1201,407,106,1,967.42
1202,407,32,3,809.15
1203,408,200,2,546.35
1204,408,73,2,500.87
1205,409,21,2,472.95
1206,409,98,3,278.1
1207,409,158,1,83.24
1208,409,74,1,980.33
1209,410,104,1,913.91
1210,410,19,2,185.81
1211,410,21,2,472.95
1212,410,42,3,318.96
1213,410,88,2,436.79
1214,411,114,3,411.07
1215,411,200,3,546.35
1216,411,93,3,463.83
1217,412,33,3,272.04
1218,413,54,1,268.31
1219,414,141,2,929.43
1220,414,14,3,10.86
1221,414,7,1,448.67
1222,414,198,1,432.08
1223,415,80,2,856.72
1224,415,59,2,64.33
1225,415,64,3,185.57
1226,415,189,1,96.25
1227,416,9,3,278.21
1228,417,120,2,588.44
1229,417,139,1,658.44
1230,417,70,3,440.92
1231,417,141,3,929.43
1232,418,112,2,672.12
1233,418,135,2,97.75
1234,418,164,3,72.93
1235,418,137,1,356.82
1236,418,80,1,856.72
1237,419,40,1,372.17
1238,419,78,3,449.3
1239,419,3,1,247.75
1240,420,177,2,510.94
1241,421,75,3,922.25
1242,421,153,2,560.92
1243,421,60,1,128.72
1244,421,2,2,417.36
1245,422,184,3,965.76
1246,422,189,2,96.25
1247,423,161,3,150.7
1248,423,62,3,605.69
1249,423,133,3,418.9
1250,423,196,2,640.75
1251,424,106,1,967.42
1252,424,49,1,78.7
1253,424,18,2,593.92
1254,425,70,1,440.92
1255,425,180,2,42.55
1256,425,160,1,197.92
1257,425,126,1,506.31
1258,426,27,2,941.75
1259,426,73,1,500.87
1260,427,39,1,97.58
1261,428,128,3,687.66
1262,428,96,1,999.37
1263,428,119,2,988.87
1264,429,15,2,748.77
1265,429,69,1,627.27
1266,430,98,3,278.1
1267,430,4,1,180.0
1268,430,32,2,809.15
1269,431,51,2,608.28
1270,432,122,3,799.51
1271,432,100,2,638.42
1272,433,191,3,378.03
1273,434,51,3,608.28
1274,434,93,1,463.83
1275,434,14,1,10.86
1276,435,43,2,739.9
1277,436,3,3,247.75
1278,436,11,3,695.47
1279,437,198,1,432.08
1280,437,23,2,840.02
1281,437,64,1,185.57
1282,438,16,2,276.56
1283,439,33,2,272.04
1284,440,113,1,743.55
1285,440,188,3,88.45
1286,440,50,2,949.37
1287,441,125,3,478.85
1288,442,49,2,78.7
1289,442,146,2,598.23
1290,442,48,3,256.21
1291,442,140,2,119.3
1292,443,42,2,318.96
1293,443,18,2,593.92
1294,443,136,3,64.67
1295,443,40,2,372.17
1296,443,116,2,902.18
1297,444,188,2,88.45
1298,444,48,3,256.21
1299,444,5,1,252.94
1300,444,159,2,780.21
1301,445,49,3,78.7
1302,445,135,1,97.75
1303,445,175,3,133.3
1304,445,128,2,687.66
1305,446,25,3,607.85
1306,447,46,1,698.92
1307,447,9,1,278.21
1308,448,165,3,509.79
1309,448,100,3,638.42
1310,448,169,3,453.26
1311,448,126,2,506.31
1312,448,135,1,97.75
1313,449,4,1,180.0
1314,450,120,3,588.44
1315,451,95,2,640.73
1316,451,182,3,48.46
1317,451,15,1,748.77
1318,451,158,3,83.24
1319,452,133,1,418.9
1320,452,25,3,607.85
1321,453,135,1,97.75
1322,453,169,3,453.26
1323,454,192,3,141.9
1324,454,28,2,851.03
1325,454,197,3,538.36
1326,454,164,2,72.93
1327,455,141,3,929.43
1328,455,103,2,179.75
1329,456,91,2,683.38
1330,456,81,2,988.46
1331,456,141,3,929.43
1332,456,84,2,79.44
1333,457,55,2,7.65
1334,457,97,2,362.15
1335,457,197,2,538.36
1336,457,141,2,929.43
1337,457,191,2,378.03
1338,458,153,1,560.92
1339,458,5,2,252.94
1340,458,133,1,418.9
1341,459,6,2,987.94
1342,459,198,3,432.08
1343,459,177,3,510.94
1344,460,25,2,607.85
1345,460,10,2,323.1
1346,461,64,3,185.57
1347,461,60,2,128.72
1348,461,66,3,414.58
1349,461,77,1,286.41
1350,461,24,3,566.14
1351,462,45,3,709.47
1352,462,125,1,478.85
1353,462,177,3,510.94
1354,462,180,3,42.55
1355,463,98,2,278.1
1356,463,21,2,472.95
1357,463,200,2,546.35
1358,463,15,2,748.77
1359,463,198,1,432.08
1360,464,3,1,247.75
1361,464,163,2,644.77
1362,464,200,3,546.35
1363,464,162,1,181.25
1364,464,98,2,278.1
1365,465,179,3,299.3
1366,465,57,2,924.28
1367,465,40,2,372.17
1368,465,13,3,946.32
1369,465,173,3,99.02
1370,466,101,2,903.88
1371,466,38,1,759.36
1372,466,34,2,247.63
1373,467,68,2,464.66
1374,467,22,3,782.32
1375,467,103,1,179.75
1376,467,129,1,325.49
1377,468,167,3,509.52
1378,468,147,3,275.73
1379,468,51,3,608.28
1380,468,144,1,635.0
1381,469,83,1,528.31
1382,469,176,3,814.11
1383,469,148,2,276.79
1384,469,23,2,840.02
1385,470,153,2,560.92
1386,470,168,1,653.57
1387,470,7,2,448.67
1388,471,160,1,197.92
1389,471,38,1,759.36
1390,471,113,3,743.55
1391,471,12,2,544.89
1392,472,29,3,535.07
1393,473,74,2,980.33
1394,473,4,3,180.0
1395,474,85,1,852.5
1396,475,193,3,451.35
1397,475,67,1,92.61
1398,475,141,3,929.43
1399,475,124,3,269.03
1400,475,160,3,197.92
1401,476,12,1,544.89
1402,476,66,3,414.58
1403,476,44,3,833.46
1404,476,16,2,276.56
1405,476,73,1,500.87
1406,477,100,3,638.42
1407,478,28,3,851.03
1408,478,5,2,252.94
1409,478,75,1,922.25
1410,479,81,2,988.46
1411,480,129,3,325.49
1412,480,118,3,643.49
1413,481,79,1,458.06
1414,481,86,1,628.66
1415,481,126,2,506.31
1416,481,101,3,903.88
1417,481,191,2,378.03
1418,482,71,1,711.22
1419,482,16,3,276.56
1420,482,161,2,150.7
1421,482,66,1,414.58
1422,482,100,1,638.42
1423,483,23,2,840.02
1424,483,187,3,874.74
1425,484,107,3,268.13
1426,484,62,1,605.69
1427,485,85,3,852.5
1428,485,115,1,447.46
1429,485,139,3,658.44
1430,485,34,3,247.63
1431,485,53,3,622.91
1432,486,35,3,496.82
1433,486,111,1,101.7
1434,486,198,2,432.08
1435,486,38,1,759.36
1436,486,168,3,653.57
1437,487,82,3,130.61
1438,487,38,1,759.36
1439,488,78,3,449.3
1440,488,114,2,411.07
1441,488,191,1,378.03
1442,488,164,1,72.93
1443,489,158,1,83.24
1444,489,69,3,627.27
1445,489,156,1,408.0
1446,489,146,1,598.23
1447,489,157,3,92.68
1448,490,35,3,496.82
1449,490,129,3,325.49
1450,490,155,2,432.13
1451,490,121,1,7.81
1452,491,50,1,949.37
1453,491,58,2,119.19
1454,492,57,1,924.28
1455,492,191,1,378.03
1456,492,172,1,775.58
1457,492,52,2,908.95
1458,493,64,1,185.57
1459,493,110,3,121.08
1460,493,104,3,913.91
1461,493,199,2,666.04
1462,494,153,1,560.92
1463,494,138,3,602.4
1464,494,135,1,97.75
1465,494,165,2,509.79
1466,494,181,2,379.83
1467,495,138,2,602.4
1468,495,102,3,368.03
1469,495,189,3,96.25
1470,495,11,1,695.47
1471,495,143,1,870.5
1472,496,199,1,666.04
1473,496,74,2,980.33
1474,496,119,2,988.87
1475,497,37,3,948.31
1476,497,119,3,988.87
1477,497,166,1,832.53
1478,497,116,1,902.18
1479,497,24,3,566.14
1480,498,116,2,902.18
1481,498,7,3,448.67
1482,498,46,3,698.92
1483,499,83,3,528.31
1484,499,178,1,947.92
1485,499,167,3,509.52
1486,500,163,3,644.77
1487,500,93,2,463.83
1488,500,22,3,782.32
1489,500,135,3,97.75
1490,501,98,3,278.1
1491,501,12,3,544.89
1492,501,197,1,538.36
1493,501,44,1,833.46
1494,501,86,1,628.66
1495,502,79,2,458.06
1496,502,80,2,856.72
1497,502,187,3,874.74
1498,502,197,1,538.36
1499,503,1,2,151.61
1500,503,160,1,197.92
1501,504,2,3,417.36
1502,504,156,3,408.0
1503,504,127,2,645.11
1504,504,61,2,542.27
1505,504,56,2,235.31
1506,505,63,3,578.36
1507,506,13,1,946.32
1508,506,48,1,256.21
1509,507,171,3,525.12
1510,508,13,1,946.32
1511,509,157,3,92.68
1512,509,170,3,647.89
1513,509,178,3,947.92
1514,510,93,2,463.83
1515,510,10,2,323.1
1516,510,24,2,566.14
1517,510,197,1,538.36
1518,510,77,2,286.41
1519,511,32,2,809.15
1520,511,178,2,947.92
1521,512,157,1,92.68
1522,512,15,3,748.77
1523,513,181,2,379.83
1524,513,74,3,980.33
1525,513,110,3,121.08
1526,513,156,3,408.0
1527,513,82,2,130.61
1528,514,187,3,874.74
1529,514,162,1,181.25
1530,514,128,3,687.66
1531,514,127,2,645.11
1532,514,47,1,576.18
1533,515,189,1,96.25
1534,516,90,1,361.66
1535,516,144,1,635.0
1536,516,164,3,72.93
1537,517,79,2,458.06
1538,518,30,3,850.32
1539,519,158,2,83.24
1540,519,8,3,753.01
1541,519,45,2,709.47
1542,519,50,2,949.37
1543,519,85,1,852.5
1544,520,138,3,602.4
1545,520,86,1,628.66
1546,520,119,3,988.87
1547,520,106,2,967.42
1548,521,138,2,602.4
1549,521,5,2,252.94
1550,521,54,1,268.31
1551,521,148,1,276.79
1552,521,176,2,814.11
1553,522,43,3,739.9
1554,522,147,1,275.73
1555,522,156,2,408.0
1556,522,100,3,638.42
1557,522,48,2,256.21
1558,523,61,1,542.27
1559,523,96,3,999.37
1560,523,116,2,902.18
1561,523,78,1,449.3
1562,524,24,3,566.14
1563,524,114,1,411.07
1564,525,88,3,436.79
1565,525,124,3,269.03
1566,526,133,3,418.9
1567,527,100,1,638.42
1568,527,183,2,288.49
1569,527,134,1,953.81
1570,527,30,3,850.32
1571,528,12,3,544.89
1572,528,27,3,941.75
1573,528,134,2,953.81
1574,528,197,1,538.36
1575,529,83,1,528.31
1576,529,52,2,908.95
1577,530,172,1,775.58
1578,530,31,2,708.76
1579,530,70,1,440.92
1580,530,39,1,97.58
1581,531,139,3,658.44
1582,531,90,2,361.66
1583,532,147,1,275.73
1584,532,63,2,578.36
1585,532,44,3,833.46
1586,533,8,3,753.01
1587,533,121,1,7.81
1588,534,101,3,903.88
1589,534,46,3,698.92
1590,534,181,3,379.83
1591,534,153,3,560.92
1592,535,51,3,608.28
1593,535,183,3,288.49
1594,535,195,1,777.28
1595,536,25,3,607.85
1596,536,117,3,968.36
1597,536,80,2,856.72
1598,536,176,2,814.11
1599,537,67,3,92.61
1600,537,94,2,679.21
1601,537,101,2,903.88
1602,537,47,2,576.18
1603,537,180,2,42.55
1604,538,123,2,361.44
1605,538,119,2,988.87
1606,538,44,3,833.46
1607,539,183,3,288.49
1608,539,28,1,851.03
1609,539,84,2,79.44
1610,539,143,3,870.5
1611,540,159,3,780.21
1612,540,63,1,578.36
1613,541,178,2,947.92
1614,541,152,2,499.89
1615,542,45,3,709.47
1616,542,170,1,647.89
1617,543,153,2,560.92
1618,543,119,1,988.87
1619,543,84,2,79.44
1620,543,143,2,870.5
1621,543,25,1,607.85
1622,544,198,3,432.08
1623,544,98,1,278.1
1624,544,84,1,79.44
1625,544,127,1,645.11
1626,544,166,1,832.53
1627,545,194,1,835.78
1628,546,158,1,83.24
1629,546,148,3,276.79
1630,546,115,2,447.46
1631,546,51,2,608.28
1632,547,112,1,672.12
1633,547,184,3,965.76
1634,547,89,1,695.52
1635,548,76,2,773.8
1636,548,16,3,276.56
1637,549,29,1,535.07
1638,549,73,2,500.87
1639,549,8,3,753.01
1640,550,104,1,913.91
1641,550,98,3,278.1
1642,550,112,1,672.12
1643,550,140,2,119.3
1644,551,107,3,268.13
1645,551,40,1,372.17
1646,551,74,1,980.33
1647,552,185,3,984.51
1648,552,125,2,478.85
1649,553,117,3,968.36
1650,553,179,1,299.3
1651,553,155,2,432.13
1652,553,109,3,225.25
1653,554,91,3,683.38
1654,554,58,1,119.19
1655,554,48,3,256.21
1656,554,109,2,225.25
1657,555,140,1,119.3
1658,555,148,3,276.79
1659,555,94,2,679.21
1660,555,9,3,278.21
1661,556,37,3,948.31
1662,557,120,3,588.44
1663,557,133,3,418.9
1664,557,21,1,472.95
1665,558,176,3,814.11
1666,559,14,2,10.86
1667,559,88,2,436.79
1668,559,137,3,356.82
1669,559,200,2,546.35
1670,559,3,3,247.75
1671,560,75,3,922.25
1672,560,43,3,739.9
1673,560,10,3,323.1
1674,561,16,3,276.56
1675,561,162,1,181.25
1676,561,122,3,799.51
1677,562,7,3,448.67
1678,562,74,1,980.33
1679,562,125,2,478.85
1680,562,22,2,782.32
1681,562,33,1,272.04
1682,563,4,3,180.0
1683,563,190,1,417.81
1684,563,29,3,535.07
1685,564,67,1,92.61
1686,564,180,2,42.55
1687,565,88,1,436.79
1688,566,127,2,645.11
1689,566,193,2,451.35
1690,567,54,3,268.31
1691,567,148,2,276.79
1692,568,14,1,10.86
1693,569,192,2,141.9
1694,569,193,3,451.35
1695,569,137,3,356.82
1696,569,60,2,128.72
1697,570,4,3,180.0
1698,570,74,2,980.33
1699,570,115,3,447.46
1700,570,98,3,278.1
1701,571,111,2,101.7
1702,571,157,2,92.68
1703,571,167,2,509.52
1704,572,101,1,903.88
1705,572,119,3,988.87
1706,572,198,3,432.08
1707,572,173,3,99.02
1708,572,192,1,141.9
1709,573,81,1,988.46
1710,573,141,3,929.43
1711,574,26,2,112.55
1712,574,135,2,97.75
1713,574,27,1,941.75
1714,574,176,3,814.11
1715,575,159,1,780.21
1716,576,154,1,47.08
1717,576,164,3,72.93
1718,577,97,3,362.15
1719,577,169,3,453.26
1720,578,65,2,351.21
1721,578,76,3,773.8
1722,579,197,3,538.36
1723,579,110,2,121.08
1724,579,178,2,947.92
1725,580,98,2,278.1
1726,581,46,2,698.92
1727,581,113,1,743.55
1728,581,18,3,593.92
1729,582,37,3,948.31
1730,583,114,3,411.07
1731,584,147,3,275.73
1732,585,39,1,97.58
1733,585,168,3,653.57
1734,585,164,2,72.93
1735,585,1,2,151.61
1736,586,148,2,276.79
1737,586,1,2,151.61
1738,586,132,2,432.91
1739,586,182,2,48.46
1740,587,177,3,510.94
1741,587,200,3,546.35
1742,587,124,2,269.03
1743,587,32,2,809.15
1744,588,94,3,679.21
1745,589,166,3,832.53
1746,589,52,1,908.95
1747,589,46,2,698.92
1748,590,162,3,181.25
1749,591,189,1,96.25
1750,591,49,1,78.7
1751,591,36,3,343.63
1752,591,10,3,323.1
1753,592,165,1,509.79
1754,592,79,1,458.06
1755,592,128,2,687.66
1756,592,137,1,356.82
1757,592,116,2,902.18
1758,593,118,3,643.49
1759,593,174,1,86.08
1760,593,138,1,602.4
1761,593,39,1,97.58
1762,593,190,3,417.81
1763,594,159,3,780.21
1764,594,12,1,544.89
1765,594,63,1,578.36
1766,594,180,1,42.55
1767,595,117,3,968.36
1768,596,30,2,850.32
1769,597,52,2,908.95
1770,598,84,3,79.44
1771,598,31,1,708.76
1772,598,176,2,814.11
1773,598,148,1,276.79
1774,599,31,2,708.76
1775,600,142,1,704.18
1776,600,43,3,739.9
1777,600,113,1,743.55
1778,601,97,1,362.15
1779,601,200,1,546.35
1780,601,41,1,704.33
1781,601,5,1,252.94
1782,601,125,1,478.85
1783,602,178,3,947.92
1784,602,33,2,272.04
1785,602,53,3,622.91
1786,602,37,2,948.31
1787,603,178,2,947.92
1788,603,10,3,323.1
1789,603,153,1,560.92
1790,603,47,3,576.18
1791,603,184,2,965.76
1792,604,50,3,949.37
1793,604,31,1,708.76
1794,605,130,3,994.64
1795,605,57,1,924.28
1796,605,119,2,988.87
1797,605,198,1,432.08
1798,605,161,1,150.7
1799,606,128,1,687.66
1800,606,46,1,698.92
1801,606,41,3,704.33
1802,606,172,2,775.58
1803,607,158,1,83.24
1804,607,195,1,777.28
1805,607,117,3,968.36
1806,608,8,3,753.01
1807,608,125,1,478.85
1808,609,152,1,499.89
1809,609,149,3,286.82
1810,609,84,3,79.44
1811,609,108,2,112.79
1812,610,26,3,112.55
1813,610,61,2,542.27
1814,611,121,3,7.81
1815,612,56,2,235.31
1816,612,157,1,92.68
1817,613,162,2,181.25
1818,613,92,1,621.6
1819,614,16,2,276.56
1820,614,72,2,228.57
1821,614,35,1,496.82
1822,614,29,2,535.07
1823,614,120,1,588.44
1824,615,44,2,833.46
1825,615,148,3,276.79
1826,615,142,2,704.18
1827,615,59,1,64.33
1828,615,23,3,840.02
1829,616,187,2,874.74
1830,617,57,2,924.28
1831,617,152,1,499.89
1832,617,39,1,97.58
1833,617,147,2,275.73
1834,617,2,3,417.36
1835,618,123,2,361.44
1836,618,179,1,299.3
1837,618,26,1,112.55
1838,618,116,3,902.18
1839,619,34,2,247.63
1840,619,92,1,621.6
1841,620,42,3,318.96
1842,620,181,3,379.83
1843,620,118,3,643.49
1844,621,181,1,379.83
1845,621,104,2,913.91
1846,622,99,3,833.66
1847,623,193,3,451.35
1848,623,70,3,440.92
1849,623,179,1,299.3
1850,623,157,3,92.68
1851,624,132,3,432.91
1852,625,94,2,679.21
1853,625,120,2,588.44
1854,625,159,1,780.21
1855,625,11,3,695.47
1856,626,36,1,343.63
1857,626,86,3,628.66
1858,627,180,1,42.55
1859,627,54,2,268.31
1860,627,193,2,451.35
1861,627,191,2,378.03
1862,627,195,3,777.28
1863,628,89,3,695.52
1864,628,116,3,902.18
1865,628,125,1,478.85
1866,629,75,3,922.25
1867,629,116,1,902.18
1868,629,159,1,780.21
1869,629,95,2,640.73
1870,629,173,1,99.02
1871,630,20,2,340.8
1872,630,28,1,851.03
1873,630,43,3,739.9
1874,631,134,1,953.81
1875,631,161,2,150.7
1876,632,122,2,799.51
1877,632,89,2,695.52
1878,633,60,3,128.72
1879,634,125,3,478.85
1880,634,152,3,499.89
1881,634,171,3,525.12
1882,635,79,2,458.06
1883,635,44,1,833.46
1884,636,38,2,759.36
1885,637,42,1,318.96
1886,637,183,3,288.49
1887,637,138,3,602.4
1888,637,74,3,980.33
1889,637,47,1,576.18
1890,638,148,2,276.79
1891,638,33,2,272.04
1892,638,113,1,743.55
1893,639,89,2,695.52
1894,639,38,3,759.36
1895,639,96,1,999.37
1896,640,104,2,913.91
1897,641,40,3,372.17
1898,641,2,3,417.36
1899,641,190,2,417.81
1900,642,171,2,525.12
1901,642,38,3,759.36
1902,642,145,1,422.72
1903,642,187,3,874.74
1904,642,114,2,411.07
1905,643,79,1,458.06
1906,644,92,3,621.6
1907,644,24,3,566.14
1908,644,84,1,79.44
1909,644,15,3,748.77
1910,645,51,3,608.28
1911,645,6,2,987.94
1912,645,22,3,782.32
1913,646,126,3,506.31
1914,646,82,3,130.61
1915,647,102,2,368.03
1916,647,38,2,759.36
1917,647,184,2,965.76
1918,648,79,1,458.06
1919,648,115,1,447.46
1920,648,144,3,635.0
1921,649,74,3,980.33
1922,649,42,2,318.96
1923,649,187,1,874.74
1924,649,109,3,225.25
1925,650,122,1,799.51
1926,650,135,3,97.75
1927,650,86,2,628.66
1928,651,107,2,268.13
1929,651,45,3,709.47
1930,651,143,3,870.5
1931,652,75,2,922.25
1932,652,142,3,704.18
1933,652,126,2,506.31
1934,652,11,2,695.47
1935,653,1,1,151.61
1936,654,32,2,809.15
1937,654,168,1,653.57
1938,654,171,2,525.12
1939,654,74,3,980.33
1940,655,127,3,645.11
1941,655,18,2,593.92
1942,655,154,3,47.08
1943,656,161,3,150.7
1944,656,176,1,814.11
1945,656,122,2,799.51
1946,657,42,1,318.96
1947,657,149,2,286.82
1948,657,15,2,748.77
1949,658,93,2,463.83
1950,658,108,1,112.79
1951,658,163,2,644.77
1952,659,132,1,432.91
1953,660,140,2,119.3
1954,660,83,3,528.31
1955,661,25,2,607.85
1956,661,137,1,356.82
1957,661,149,1,286.82
1958,662,106,1,967.42
1959,662,88,1,436.79
1960,662,42,3,318.96
1961,662,27,1,941.75
1962,663,177,3,510.94
1963,663,135,1,97.75
1964,663,137,2,356.82
1965,663,183,2,288.49
1966,663,142,1,704.18
1967,664,123,2,361.44
1968,665,153,1,560.92
1969,665,134,3,953.81
1970,665,196,2,640.75
1971,665,88,1,436.79
1972,666,177,2,510.94
1973,666,59,1,64.33
1974,667,177,1,510.94
1975,667,196,2,640.75
1976,667,29,2,535.07
1977,667,20,1,340.8
1978,668,152,1,499.89
1979,668,16,1,276.56
1980,668,121,2,7.81
1981,668,31,3,708.76
1982,668,65,1,351.21
1983,669,53,2,622.91
1984,669,151,1,768.5
1985,669,52,1,908.95
1986,669,48,1,256.21
1987,669,172,3,775.58
1988,670,42,3,318.96
1989,670,129,3,325.49
1990,670,200,1,546.35
1991,671,196,1,640.75
1992,671,4,2,180.0
1993,671,136,1,64.67
1994,671,56,3,235.31
1995,671,184,1,965.76
1996,672,182,1,48.46
1997,672,122,2,799.51
1998,672,94,3,679.21
1999,672,179,1,299.3
2000,672,151,1,768.5
2001,673,59,1,64.33
2002,673,105,2,805.2
2003,673,29,1,535.07
2004,673,195,3,777.28
2005,673,81,1,988.46
2006,674,143,1,870.5
2007,674,185,2,984.51
2008,674,11,2,695.47
2009,675,189,3,96.25
2010,675,80,2,856.72
2011,675,176,2,814.11
2012,675,114,2,411.07
2013,675,58,1,119.19
2014,676,174,3,86.08
2015,676,95,2,640.73
2016,676,46,3,698.92
2017,676,4,1,180.0
2018,677,31,1,708.76
2019,678,190,1,417.81
2020,679,52,1,908.95
2021,679,153,1,560.92
2022,679,104,2,913.91
2023,680,152,2,499.89
2024,680,70,2,440.92
2025,680,194,3,835.78
2026,680,165,3,509.79
2027,680,103,2,179.75
2028,681,28,2,851.03
2029,681,32,1,809.15
2030,681,65,3,351.21
2031,681,126,1,506.31
2032,682,128,3,687.66
2033,683,174,3,86.08
2034,683,84,1,79.44
2035,683,40,1,372.17
2036,683,78,3,449.3
2037,683,160,3,197.92
2038,684,170,3,647.89
2039,684,128,2,687.66
2040,684,126,3,506.31
2041,685,5,2,252.94
2042,685,196,2,640.75
2043,685,9,2,278.21
2044,685,111,2,101.7
2045,685,31,2,708.76
2046,686,169,2,453.26
2047,686,200,2,546.35
2048,686,78,1,449.3
2049,686,181,2,379.83
2050,686,43,3,739.9
2051,687,173,3,99.02
2052,687,126,3,506.31
2053,687,169,2,453.26
2054,687,142,2,704.18
2055,687,176,3,814.11
2056,688,127,3,645.11
2057,688,152,3,499.89
2058,688,97,2,362.15
2059,689,12,3,544.89
2060,689,33,1,272.04
2061,689,94,3,679.21
2062,689,90,2,361.66
2063,689,190,2,417.81
2064,690,106,3,967.42
2065,690,90,1,361.66
2066,690,15,1,748.77
2067,691,177,1,510.94
2068,692,138,2,602.4
2069,693,146,1,598.23
2070,693,132,3,432.91
2071,693,108,2,112.79
2072,693,69,3,627.27
2073,694,83,1,528.31
2074,694,147,3,275.73
2075,694,26,3,112.55
2076,694,126,1,506.31
2077,695,43,2,739.9
2078,695,158,2,83.24
2079,695,77,1,286.41
2080,696,138,1,602.4
2081,697,103,3,179.75
2082,697,58,3,119.19
2083,697,160,1,197.92
2084,697,191,3,378.03
2085,697,24,2,566.14
2086,698,122,3,799.51
2087,698,110,2,121.08
2088,698,54,3,268.31
2089,698,89,2,695.52
2090,698,20,2,340.8
2091,699,65,3,351.21
2092,699,160,3,197.92
2093,699,132,1,432.91
2094,699,117,1,968.36
2095,700,55,2,7.65
2096,700,170,3,647.89
2097,700,191,3,378.03
2098,700,120,3,588.44
2099,701,134,1,953.81
2100,702,192,2,141.9
2101,702,176,2,814.11
2102,703,163,1,644.77
2103,704,66,3,414.58
2104,704,176,1,814.11
2105,705,8,2,753.01
2106,705,63,2,578.36
2107,706,166,2,832.53
2108,706,10,1,323.1
2109,706,52,1,908.95
2110,706,41,2,704.33
2111,707,185,2,984.51
2112,708,81,3,988.46
2113,709,94,2,679.21
2114,709,172,3,775.58
2115,709,169,1,453.26
2116,709,24,1,566.14
2117,710,134,3,953.81
2118,711,65,1,351.21
2119,711,128,2,687.66
2120,711,24,2,566.14
2121,711,61,3,542.27
2122,711,154,3,47.08
2123,712,109,1,225.25
2124,712,56,1,235.31
2125,713,105,2,805.2
2126,713,66,3,414.58
2127,713,151,2,768.5
2128,713,15,3,748.77
2129,714,175,2,133.3
2130,714,64,2,185.57
2131,714,72,3,228.57
2132,714,38,2,759.36
2133,715,9,3,278.21
2134,715,190,1,417.81
2135,715,170,2,647.89
2136,715,14,3,10.86
2137,715,177,2,510.94
2138,716,176,1,814.11
2139,716,32,2,809.15
2140,716,137,2,356.82
2141,717,78,1,449.3
2142,717,24,2,566.14
2143,717,194,1,835.78
2144,718,197,1,538.36
2145,718,165,2,509.79
2146,718,105,1,805.2
2147,719,184,1,965.76
2148,719,109,3,225.25
2149,719,26,2,112.55
2150,720,187,3,874.74
2151,720,141,1,929.43
2152,720,189,1,96.25
2153,720,84,3,79.44
2154,720,117,3,968.36
2155,721,1,1,151.61
2156,721,103,3,179.75
2157,722,41,1,704.33
2158,723,153,2,560.92
2159,723,176,2,814.11
2160,724,67,3,92.61
2161,724,45,3,709.47
2162,725,107,2,268.13
2163,726,58,3,119.19
2164,726,6,1,987.94
2165,726,143,1,870.5
2166,726,166,2,832.53
2167,726,157,1,92.68
2168,727,103,3,179.75
2169,728,95,1,640.73
2170,729,112,1,672.12
2171,729,198,1,432.08
2172,729,117,3,968.36
2173,729,173,1,99.02
2174,729,127,1,645.11
2175,730,34,1,247.63
2176,730,111,2,101.7
2177,730,53,3,622.91
2178,730,154,3,47.08
2179,731,8,2,753.01
2180,731,75,1,922.25
2181,732,150,2,224.41
2182,732,176,1,814.11
2183,732,166,1,832.53
2184,733,176,3,814.11
2185,733,55,2,7.65
2186,733,183,3,288.49
2187,733,99,3,833.66
2188,734,14,2,10.86
2189,735,172,1,775.58
2190,735,154,2,47.08
2191,735,182,3,48.46
2192,735,192,3,141.9
2193,735,12,2,544.89
2194,736,144,3,635.0
2195,736,11,1,695.47
2196,737,120,2,588.44
2197,737,34,3,247.63
2198,737,23,3,840.02
2199,738,12,2,544.89
2200,738,33,3,272.04
2201,738,128,2,687.66
2202,739,157,3,92.68
2203,739,195,2,777.28
2204,739,68,2,464.66
2205,740,196,3,640.75
2206,740,39,2,97.58
2207,740,143,1,870.5
2208,740,169,1,453.26
2209,741,121,2,7.81
2210,742,127,1,645.11
2211,743,125,1,478.85
2212,743,118,1,643.49
2213,743,127,2,645.11
2214,743,29,1,535.07
2215,743,185,1,984.51
2216,744,70,3,440.92
2217,744,145,1,422.72
2218,744,170,3,647.89
2219,744,150,3,224.41
2220,744,55,1,7.65
2221,745,174,2,86.08
2222,745,25,3,607.85
2223,745,85,3,852.5
2224,745,7,1,448.67
2225,746,83,1,528.31
2226,747,117,3,968.36
2227,747,161,1,150.7
2228,747,69,2,627.27
2229,747,153,1,560.92
2230,748,34,2,247.63
2231,748,55,1,7.65
2232,748,13,3,946.32
2233,748,165,1,509.79
2234,748,73,3,500.87
2235,749,46,2,698.92
2236,749,62,1,605.69
2237,749,198,1,432.08
2238,750,73,1,500.87
2239,750,166,1,832.53
2240,750,193,2,451.35
2241,750,168,2,653.57
2242,751,176,2,814.11
2243,751,155,3,432.13
2244,751,34,1,247.63
2245,752,100,3,638.42
2246,752,122,2,799.51
2247,752,69,1,627.27
2248,752,145,2,422.72
2249,753,24,2,566.14
2250,753,11,3,695.47
2251,753,132,1,432.91
2252,753,88,3,436.79
2253,754,22,2,782.32
2254,754,75,2,922.25
2255,754,120,1,588.44
2256,754,112,1,672.12
2257,754,21,3,472.95
2258,755,76,1,773.8
2259,755,146,1,598.23
2260,755,13,3,946.32
2261,755,142,1,704.18
2262,756,170,2,647.89
2263,756,185,2,984.51
2264,756,146,3,598.23
2265,756,65,1,351.21
2266,757,46,1,698.92
2267,757,47,2,576.18
2268,757,101,3,903.88
2269,757,12,2,544.89
2270,758,160,1,197.92
2271,758,68,1,464.66
2272,758,88,1,436.79
2273,758,48,3,256.21
2274,759,112,3,672.12
2275,760,44,3,833.46
2276,761,186,2,817.8
2277,761,125,3,478.85
2278,761,78,3,449.3
2279,761,159,3,780.21
2280,761,158,3,83.24
2281,762,35,1,496.82
2282,762,4,1,180.0
2283,763,54,2,268.31
2284,764,49,1,78.7
2285,764,23,2,840.02
2286,764,78,2,449.3
2287,764,198,1,432.08
2288,764,119,1,988.87
2289,765,125,3,478.85
2290,765,121,1,7.81
2291,765,6,1,987.94
2292,765,116,2,902.18
2293,766,86,1,628.66
2294,767,107,3,268.13
2295,767,127,3,645.11
2296,767,189,3,96.25
2297,767,149,2,286.82
2298,768,152,1,499.89
2299,768,186,3,817.8
2300,768,157,1,92.68
2301,768,174,3,86.08
2302,768,125,1,478.85
2303,769,69,3,627.27
2304,770,160,3,197.92
2305,770,166,2,832.53
2306,770,89,1,695.52
2307,770,115,1,447.46
2308,771,113,1,743.55
2309,771,60,3,128.72
2310,771,130,3,994.64
2311,772,34,2,247.63
2312,772,76,2,773.8
2313,772,186,3,817.8
2314,772,183,3,288.49
2315,773,160,2,197.92
2316,773,54,3,268.31
2317,774,52,3,908.95
2318,774,41,2,704.33
2319,775,78,1,449.3
2320,775,61,1,542.27
2321,775,54,2,268.31
2322,775,143,2,870.5
2323,776,9,3,278.21
2324,776,17,1,841.29
2325,776,87,1,73.07
2326,776,111,3,101.7
2327,776,30,1,850.32
2328,777,197,3,538.36
2329,777,12,2,544.89
2330,777,198,1,432.08
2331,778,113,2,743.55
2332,779,157,1,92.68
2333,779,27,1,941.75
2334,779,144,3,635.0
2335,779,11,1,695.47
2336,779,130,1,994.64
2337,780,196,1,640.75
2338,780,130,1,994.64
2339,780,128,3,687.66
2340,780,188,2,88.45
2341,781,113,1,743.55
2342,781,107,1,268.13
2343,782,22,2,782.32
2344,782,69,3,627.27
2345,783,39,3,97.58
2346,783,193,2,451.35
2347,784,105,2,805.2
2348,784,118,1,643.49
2349,784,133,2,418.9
2350,784,175,1,133.3
2351,785,22,2,782.32
2352,786,112,2,672.12
2353,786,16,1,276.56
2354,787,76,3,773.8
2355,787,108,2,112.79
2356,787,103,3,179.75
2357,787,175,3,133.3
2358,787,180,2,42.55
2359,788,157,3,92.68
2360,788,38,1,759.36
2361,788,180,3,42.55
2362,788,104,3,913.91
2363,788,115,3,447.46
2364,789,199,1,666.04
2365,789,51,3,608.28
2366,789,78,2,449.3
2367,789,22,2,782.32
2368,790,55,3,7.65
2369,790,24,2,566.14
2370,790,131,3,794.12
2371,791,8,3,753.01
2372,792,186,1,817.8
2373,792,109,3,225.25
2374,792,130,1,994.64
2375,793,32,3,809.15
2376,793,13,1,946.32
2377,793,194,2,835.78
2378,794,87,3,73.07
2379,794,61,3,542.27
2380,794,191,3,378.03
2381,794,149,3,286.82
2382,795,77,3,286.41
2383,795,73,3,500.87
2384,795,171,3,525.12
2385,796,27,3,941.75
2386,796,84,3,79.44
2387,797,26,2,112.55
2388,797,38,1,759.36
2389,797,183,1,288.49
2390,797,109,1,225.25
2391,798,115,2,447.46
2392,798,20,3,340.8
2393,799,200,3,546.35
2394,799,102,2,368.03
2395,799,68,2,464.66
2396,799,150,3,224.41
2397,799,128,2,687.66
2398,800,33,3,272.04
2399,800,125,3,478.85
2400,800,183,3,288.49
2401,800,118,1,643.49
2402,800,34,3,247.63
2403,801,144,1,635.0
2404,801,95,3,640.73
2405,802,75,2,922.25
2406,802,11,2,695.47
2407,802,134,2,953.81
2408,802,40,2,372.17
2409,802,31,2,708.76
2410,803,151,1,768.5
2411,803,108,2,112.79
2412,804,1,1,151.61
2413,804,32,1,809.15
2414,804,141,2,929.43
2415,804,90,2,361.66
2416,805,97,3,362.15
2417,805,122,1,799.51
2418,805,185,1,984.51
2419,806,171,2,525.12
2420,806,115,1,447.46
2421,806,39,3,97.58
2422,806,187,3,874.74
2423,807,87,2,73.07
2424,807,139,3,658.44
2425,807,12,2,544.89
2426,807,172,3,775.58
2427,808,147,3,275.73
2428,809,22,1,782.32
2429,809,50,3,949.37
2430,809,159,3,780.21
2431,809,139,1,658.44
2432,809,148,2,276.79
2433,810,47,3,576.18
2434,810,5,3,252.94
2435,810,71,2,711.22
2436,810,53,1,622.91
2437,810,63,3,578.36
2438,811,126,1,506.31
2439,812,136,2,64.67
2440,813,139,1,658.44
2441,814,40,2,372.17
2442,815,84,2,79.44
2443,815,47,2,576.18
2444,815,7,1,448.67
2445,815,183,2,288.49
2446,815,15,1,748.77
2447,816,31,3,708.76
2448,816,14,3,10.86
2449,816,52,1,908.95
2450,816,62,2,605.69
2451,817,69,1,627.27
2452,818,124,1,269.03
2453,819,69,3,627.27
2454,820,167,2,509.52
2455,820,33,1,272.04
2456,820,78,3,449.3
2457,820,146,3,598.23
2458,820,105,1,805.2
2459,821,63,2,578.36
2460,821,138,3,602.4
2461,822,159,1,780.21
2462,822,75,1,922.25
2463,822,168,2,653.57
2464,822,43,2,739.9
2465,823,90,3,361.66
2466,823,162,2,181.25
2467,823,55,1,7.65
2468,823,150,1,224.41
2469,824,102,3,368.03
2470,825,72,2,228.57
2471,825,111,3,101.7
2472,825,54,2,268.31
2473,825,157,3,92.68
2474,825,130,2,994.64
2475,826,88,3,436.79
2476,826,54,2,268.31
2477,826,118,1,643.49
2478,827,122,2,799.51
2479,827,2,3,417.36
2480,827,3,3,247.75
2481,827,173,3,99.02
2482,827,45,2,709.47
2483,828,138,1,602.4
2484,829,154,3,47.08
2485,829,92,1,621.6
2486,829,100,1,638.42
2487,829,46,2,698.92
2488,830,57,3,924.28
2489,831,50,3,949.37
2490,831,24,2,566.14
2491,831,158,3,83.24
2492,832,10,3,323.1
2493,832,72,3,228.57
2494,832,127,3,645.11
2495,833,29,2,535.07
2496,833,72,1,228.57
2497,833,146,3,598.23
2498,833,129,1,325.49
2499,834,45,1,709.47
2500,834,17,1,841.29
2501,834,151,2,768.5
2502,834,33,3,272.04
2503,834,191,1,378.03
2504,835,174,3,86.08
2505,835,6,3,987.94
2506,836,117,3,968.36
2507,836,1,1,151.61
2508,836,110,2,121.08
2509,836,165,2,509.79
2510,836,173,2,99.02
2511,837,127,1,645.11
2512,837,93,3,463.83
2513,837,133,1,418.9
2514,837,195,1,777.28
2515,838,81,2,988.46
2516,838,2,1,417.36
2517,838,101,3,903.88
2518,838,50,1,949.37
2519,839,64,1,185.57
2520,840,8,2,753.01
2521,841,65,2,351.21
2522,841,64,1,185.57
2523,841,28,2,851.03
2524,842,19,3,185.81
2525,842,199,3,666.04
2526,843,149,1,286.82
2527,843,32,2,809.15
2528,843,22,2,782.32
2529,843,16,3,276.56
2530,844,15,2,748.77
2531,844,78,1,449.3
2532,844,157,1,92.68
2533,844,161,3,150.7
2534,845,103,2,179.75
2535,845,25,1,607.85
2536,845,159,3,780.21
2537,845,193,3,451.35
2538,846,110,3,121.08
2539,846,159,3,780.21
2540,846,26,1,112.55
2541,846,87,2,73.07
2542,847,27,1,941.75
2543,848,147,3,275.73
2544,848,33,3,272.04
2545,849,114,1,411.07
2546,849,48,1,256.21
2547,849,63,2,578.36
2548,849,36,3,343.63
2549,849,12,2,544.89
2550,850,80,1,856.72
2551,850,150,1,224.41
2552,850,139,2,658.44
2553,851,3,3,247.75
2554,851,133,3,418.9
2555,851,151,1,768.5
2556,852,14,3,10.86
2557,852,109,1,225.25
2558,852,89,1,695.52
2559,852,51,2,608.28
2560,852,52,1,908.95
2561,853,154,3,47.08
2562,853,178,2,947.92
2563,853,85,3,852.5
2564,853,149,2,286.82
2565,854,11,3,695.47
2566,854,127,1,645.11
2567,854,57,3,924.28
2568,854,1,1,151.61
2569,855,189,2,96.25
2570,855,197,1,538.36
2571,855,85,2,852.5
2572,855,190,1,417.81
2573,856,8,1,753.01
2574,856,143,2,870.5
2575,856,30,2,850.32
2576,857,12,1,544.89
2577,857,8,2,753.01
2578,857,51,1,608.28
2579,858,87,1,73.07
2580,858,142,1,704.18
2581,859,26,1,112.55
2582,859,6,2,987.94
2583,859,174,3,86.08
2584,860,117,2,968.36
2585,860,62,3,605.69
2586,860,95,1,640.73
2587,861,183,1,288.49
2588,861,17,1,841.29
2589,861,31,1,708.76
2590,861,37,3,948.31
2591,862,110,3,121.08
2592,862,163,3,644.77
2593,862,63,1,578.36
2594,862,12,3,544.89
2595,862,196,2,640.75
2596,863,33,2,272.04
2597,863,131,1,794.12
2598,863,150,3,224.41
2599,864,17,3,841.29
2600,864,43,3,739.9
2601,864,131,2,794.12
2602,864,100,2,638.42
2603,864,193,3,451.35
2604,865,135,3,97.75
2605,865,178,2,947.92
2606,865,124,2,269.03
2607,866,167,2,509.52
2608,866,10,1,323.1
2609,866,54,2,268.31
2610,866,57,1,924.28
2611,866,52,2,908.95
2612,867,96,3,999.37
2613,867,66,1,414.58
2614,868,133,1,418.9
2615,868,91,2,683.38
2616,868,59,3,64.33
2617,868,150,3,224.41
2618,869,105,2,805.2
2619,869,95,2,640.73
2620,869,128,1,687.66
2621,869,82,1,130.61
2622,870,92,1,621.6
2623,871,165,1,509.79
2624,871,21,1,472.95
2625,871,71,2,711.22
2626,871,59,1,64.33
2627,871,26,3,112.55
2628,872,65,3,351.21
2629,872,78,2,449.3
2630,872,191,1,378.03
2631,873,67,2,92.61
2632,873,3,2,247.75
2633,873,198,2,432.08
2634,873,77,3,286.41
2635,873,73,3,500.87
2636,874,102,1,368.03
2637,874,59,3,64.33
2638,875,142,2,704.18
2639,875,194,1,835.78
2640,875,120,2,588.44
2641,875,185,1,984.51
2642,875,119,2,988.87
2643,876,8,2,753.01
2644,876,96,3,999.37
2645,876,36,1,343.63
2646,876,148,2,276.79
2647,876,33,3,272.04
2648,877,176,3,814.11
2649,877,193,3,451.35
2650,877,104,2,913.91
2651,877,196,2,640.75
2652,878,36,1,343.63
2653,879,156,2,408.0
2654,879,147,1,275.73
2655,879,101,3,903.88
2656,879,98,2,278.1
2657,879,53,1,622.91
2658,880,164,1,72.93
2659,880,78,3,449.3
2660,880,24,3,566.14
2661,880,44,1,833.46
2662,881,7,2,448.67
2663,881,48,2,256.21
2664,881,51,1,608.28
2665,881,18,1,593.92
2666,882,15,1,748.77
2667,882,95,2,640.73
2668,882,133,2,418.9
2669,882,3,2,247.75
2670,883,123,1,361.44
2671,883,191,1,378.03
2672,883,18,1,593.92
2673,883,100,2,638.42
2674,884,41,3,704.33
2675,884,155,1,432.13
2676,884,148,3,276.79
2677,884,80,3,856.72
2678,885,115,2,447.46
2679,885,17,3,841.29
2680,886,126,3,506.31
2681,886,118,1,643.49
2682,886,119,2,988.87
2683,886,148,3,276.79
2684,886,11,2,695.47
2685,887,101,2,903.88
2686,887,157,1,92.68
2687,887,45,1,709.47
2688,888,169,1,453.26
2689,888,47,2,576.18
2690,888,179,3,299.3
2691,888,146,1,598.23
2692,889,161,3,150.7
2693,889,138,1,602.4
2694,889,75,3,922.25
2695,890,32,3,809.15
2696,890,95,2,640.73
2697,890,20,2,340.8
2698,890,194,2,835.78
2699,890,27,1,941.75
2700,891,7,3,448.67
2701,891,19,3,185.81
2702,891,164,2,72.93
2703,891,178,2,947.92
2704,892,102,1,368.03
2705,892,10,2,323.1
2706,893,172,2,775.58
2707,893,192,2,141.9
2708,893,119,1,988.87
2709,894,36,1,343.63
2710,894,121,1,7.81
2711,894,72,3,228.57
2712,894,42,1,318.96
2713,895,44,1,833.46
2714,895,20,3,340.8
2715,895,172,2,775.58
2716,895,196,1,640.75
2717,896,173,3,99.02
2718,897,165,2,509.79
2719,897,170,3,647.89
2720,897,184,2,965.76
2721,897,169,2,453.26
2722,897,27,1,941.75
2723,898,197,1,538.36
2724,898,52,1,908.95
2725,898,64,1,185.57
2726,898,96,1,999.37
2727,899,50,1,949.37
2728,899,175,1,133.3
2729,899,172,1,775.58
2730,900,132,3,432.91
2731,900,28,3,851.03
2732,900,84,1,79.44
2733,900,83,3,528.31
2734,901,31,2,708.76
2735,901,60,2,128.72
2736,901,55,1,7.65
2737,901,28,1,851.03
2738,902,55,3,7.65
2739,902,118,2,643.49
2740,902,57,3,924.28
2741,902,17,3,841.29
2742,903,106,3,967.42
2743,903,78,2,449.3
2744,904,44,3,833.46
2745,904,65,3,351.21
2746,904,25,2,607.85
2747,904,154,3,47.08
2748,904,84,3,79.44
2749,905,171,2,525.12
2750,905,124,1,269.03
2751,905,18,3,593.92
2752,906,129,3,325.49
2753,906,151,1,768.5
2754,907,80,1,856.72
2755,908,16,1,276.56
2756,909,97,3,362.15
2757,909,53,1,622.91
2758,910,190,2,417.81
2759,910,85,3,852.5
2760,910,35,1,496.82
2761,910,72,3,228.57
2762,911,59,3,64.33
2763,912,14,3,10.86
2764,912,171,1,525.12
2765,912,64,3,185.57
2766,912,176,2,814.11
2767,912,179,3,299.3
2768,913,17,2,841.29
2769,914,53,1,622.91
2770,914,33,1,272.04
2771,915,61,1,542.27
2772,915,130,2,994.64
2773,916,63,1,578.36
2774,916,109,3,225.25
2775,917,163,1,644.77
2776,917,52,2,908.95
2777,917,70,2,440.92
2778,917,124,2,269.03
2779,918,157,2,92.68
2780,918,189,1,96.25
2781,918,111,2,101.7
2782,918,195,2,777.28
2783,918,40,1,372.17
2784,919,187,2,874.74
2785,919,45,2,709.47
2786,919,66,2,414.58
2787,919,98,2,278.1
2788,919,119,3,988.87
2789,920,184,1,965.76
2790,920,121,1,7.81
2791,921,187,2,874.74
2792,921,186,2,817.8
2793,921,96,3,999.37
2794,921,126,2,506.31
2795,921,104,2,913.91
2796,922,19,3,185.81
2797,922,105,1,805.2
2798,922,10,1,323.1
2799,922,32,2,809.15
2800,922,99,2,833.66
2801,923,179,2,299.3
2802,923,15,2,748.77
2803,923,167,3,509.52
2804,924,162,1,181.25
2805,924,181,3,379.83
2806,924,174,3,86.08
2807,925,66,3,414.58
2808,925,64,3,185.57
2809,926,165,3,509.79
2810,927,133,1,418.9
2811,928,178,3,947.92
2812,928,78,3,449.3
2813,928,129,2,325.49
2814,929,28,3,851.03
2815,930,69,1,627.27
2816,930,192,3,141.9
2817,931,126,1,506.31
2818,931,1,1,151.61
2819,932,188,1,88.45
2820,932,111,2,101.7
2821,932,44,1,833.46
2822,933,29,1,535.07
2823,933,116,1,902.18
2824,933,146,3,598.23
2825,933,55,1,7.65
2826,933,48,1,256.21
2827,934,161,1,150.7
2828,934,160,1,197.92
2829,934,28,2,851.03
2830,934,163,1,644.77
2831,935,8,2,753.01
2832,935,150,2,224.41
2833,935,61,3,542.27
2834,936,171,3,525.12
2835,937,97,3,362.15
2836,938,122,2,799.51
2837,938,194,2,835.78
2838,938,87,2,73.07
2839,938,155,3,432.13
2840,939,171,3,525.12
2841,939,103,1,179.75
2842,939,97,2,362.15
2843,940,179,1,299.3
2844,940,103,3,179.75
2845,940,186,1,817.8
2846,940,36,3,343.63
2847,941,95,3,640.73
2848,941,116,3,902.18
2849,942,1,2,151.61
2850,942,164,1,72.93
2851,943,174,3,86.08
2852,943,114,2,411.07
2853,943,60,2,128.72
2854,944,122,3,799.51
2855,944,169,2,453.26
2856,944,180,2,42.55
2857,944,26,3,112.55
2858,945,147,2,275.73
2859,945,184,1,965.76
2860,945,130,2,994.64
2861,945,9,3,278.21
2862,945,33,3,272.04
2863,946,124,3,269.03
2864,947,193,3,451.35
2865,947,169,1,453.26
2866,948,42,2,318.96
2867,949,171,1,525.12
2868,949,122,3,799.51
2869,949,172,1,775.58
2870,950,178,2,947.92
2871,951,17,3,841.29
2872,951,165,3,509.79
2873,951,88,3,436.79
2874,951,97,2,362.15
2875,951,184,3,965.76
2876,952,58,1,119.19
2877,952,67,2,92.61
2878,953,49,1,78.7
2879,953,191,2,378.03
2880,953,30,2,850.32
2881,953,147,3,275.73
2882,953,95,3,640.73
2883,954,49,2,78.7
2884,954,100,3,638.42
2885,954,109,1,225.25
2886,954,82,3,130.61
2887,954,198,3,432.08
2888,955,3,1,247.75
2889,955,138,2,602.4
2890,955,118,1,643.49
2891,955,81,2,988.46
2892,956,192,3,141.9
2893,956,171,1,525.12
2894,957,71,3,711.22
2895,958,127,3,645.11
2896,958,75,2,922.25
2897,959,188,3,88.45
2898,959,58,3,119.19
2899,960,125,2,478.85
2900,960,187,2,874.74
2901,961,109,2,225.25
2902,961,174,2,86.08
2903,961,122,2,799.51
2904,962,179,3,299.3
2905,962,50,2,949.37
2906,962,180,1,42.55
2907,963,14,1,10.86
2908,963,182,3,48.46
2909,963,78,1,449.3
2910,963,118,2,643.49
2911,963,168,3,653.57
2912,964,56,1,235.31
2913,964,192,3,141.9
2914,965,27,3,941.75
2915,965,174,1,86.08
2916,965,38,1,759.36
2917,965,97,1,362.15
2918,965,110,2,121.08
2919,966,132,3,432.91
2920,967,161,2,150.7
2921,967,185,1,984.51
2922,968,78,3,449.3
2923,968,177,3,510.94
2924,968,153,2,560.92
2925,968,45,3,709.47
2926,969,71,2,711.22
2927,969,162,1,181.25
2928,969,168,1,653.57
2929,969,114,1,411.07
2930,970,58,2,119.19
2931,970,6,3,987.94
2932,970,151,3,768.5
2933,970,147,1,275.73
2934,970,123,3,361.44
2935,971,77,2,286.41
2936,971,147,1,275.73
2937,971,33,3,272.04
2938,971,26,3,112.55
2939,972,101,3,903.88
2940,973,17,3,841.29
2941,973,133,3,418.9
2942,973,150,1,224.41
2943,973,138,1,602.4
2944,974,2,2,417.36
2945,974,143,2,870.5
2946,975,168,1,653.57
2947,975,42,3,318.96
2948,976,32,3,809.15
2949,977,109,1,225.25
2950,977,169,1,453.26
2951,978,76,3,773.8
2952,978,169,2,453.26
2953,978,137,3,356.82
2954,978,114,2,411.07
2955,978,36,3,343.63
2956,979,177,3,510.94
2957,979,26,1,112.55
2958,980,56,3,235.31
2959,980,35,1,496.82
2960,980,155,3,432.13
2961,981,109,2,225.25
2962,981,20,3,340.8
2963,981,141,1,929.43
2964,981,66,2,414.58
2965,981,67,2,92.61
2966,982,178,1,947.92
2967,982,37,3,948.31
2968,982,138,3,602.4
2969,982,53,2,622.91
2970,983,155,2,432.13
2971,983,42,2,318.96
2972,983,108,1,112.79
2973,983,40,3,372.17
2974,983,81,1,988.46
2975,984,176,3,814.11
2976,985,93,2,463.83
2977,986,71,1,711.22
2978,986,3,2,247.75
2979,987,45,3,709.47
2980,988,25,3,607.85
2981,988,136,2,64.67
2982,988,90,3,361.66
2983,988,180,2,42.55
2984,989,82,2,130.61
2985,989,193,1,451.35
2986,990,142,1,704.18
2987,990,153,2,560.92
2988,990,104,1,913.91
2989,990,123,3,361.44
2990,990,152,3,499.89
2991,991,146,3,598.23
2992,991,189,3,96.25
2993,991,69,2,627.27
2994,991,14,3,10.86
2995,992,47,3,576.18
2996,992,113,2,743.55
2997,992,91,2,683.38
2998,992,120,2,588.44
2999,993,79,1,458.06
3000,993,163,2,644.77
3001,994,163,1,644.77
3002,995,43,3,739.9
3003,996,127,3,645.11
3004,996,3,1,247.75
3005,996,109,2,225.25
3006,996,174,2,86.08
3007,996,131,3,794.12
3008,997,158,1,83.24
3009,998,192,3,141.9
3010,998,89,3,695.52
3011,998,63,3,578.36
3012,998,190,1,417.81
3013,998,170,3,647.89
3014,999,58,3,119.19
3015,999,45,2,709.47
3016,999,20,1,340.8
3017,999,94,2,679.21
3018,999,35,2,496.82
3019,1000,87,3,73.07
